TDSFU Daily run: Mon Oct 27 15:10:37 UTC 2025 TDSFU
TDSFU Daily run: Tue Oct 28 04:35:39 UTC 2025 TDSFU
TDSFU Daily run: Wed Oct 29 04:41:35 UTC 2025 TDSFU
TDSFU Daily run: Thu Oct 30 04:35:54 UTC 2025 TDSFU
TDSFU Daily run: Fri Oct 31 04:38:28 UTC 2025 TDSFU
TDSFU Daily run: Sat Nov  1 04:33:09 UTC 2025 TDSFU
TDSFU Daily run: Sun Nov  2 04:36:07 UTC 2025 TDSFU
TDSFU Daily run: Mon Nov  3 04:42:20 UTC 2025 TDSFU
TDSFU Daily run: Tue Nov  4 04:36:04 UTC 2025 TDSFU
TDSFU Daily run: Wed Nov  5 04:36:39 UTC 2025 TDSFU
TDSFU Daily run: Thu Nov  6 04:42:04 UTC 2025 TDSFU
TDSFU Daily run: Fri Nov  7 04:36:10 UTC 2025 TDSFU
TDSFU Daily run: Sat Nov  8 04:34:53 UTC 2025 TDSFU
TDSFU Daily run: Sun Nov  9 04:34:48 UTC 2025 TDSFU
